AG,AI,AR,BE,BL,BS,FL,FR,GE,GL,GR,JU,LU,NE,NW,OW,SG,SH,SO,SZ,TG,TI,UR,VD,VS,ZG,ZH
-6.774295932052679,-47.44947750853488,-12.323906090235019,-12.864309071726419,-9.579835076630882,-16.2396010179599,-4.345133010155834,-49.29587374284724,-51.733935430459375,-17.61339165142484,-16.386283995899294,-9.107043093393635,-5.966605972452432,-30.261290877722505,-10.81005736776231,-8.734148647710617,-16.34687699470048,-2.692480168968053,-5.2566430270187166,-20.61243546577153,-7.788711208032601,-97.78328458098291,-11.453029768799377,-42.392876820875124,-40.731489208590844,-4.140428424077927,-8.111679452902212

