AG,AI,AR,BE,BL,BS,FL,FR,GE,GL,GR,JU,LU,NE,NW,OW,SG,SH,SO,SZ,TG,TI,UR,VD,VS,ZG,ZH
-105.29292568458767,-979.810376953828,-442.23458614210335,-67.64773005284364,-156.67894063028135,-251.87015642531014,-553.6918066686792,-211.87713126788498,-136.58885166253935,-547.8396526251483,-225.57442258000555,-381.05544064062565,-123.09380988420516,-272.9637510862844,-494.06673294542856,-526.2323891608013,-114.54569847326836,-306.33594225880967,-168.32833453378927,-230.57319131824255,-148.2184341661121,-161.3725876023265,-601.0941188123426,-94.16297381699975,-178.32948676190748,-260.77179658875673,-45.87786305364498

